{"stats":{"minecraft:killed_by":{"minecraft:player":1},"minecraft:used":{"farmersdelight:bacon_and_eggs":1,"minecraft:stone_pickaxe":38,"minecraft:oak_planks":9,"minecraft:crafting_table":1,"vinery:apple_tree_sapling":1},"minecraft:dropped":{"minecraft:cobblestone":24,"minecraft:stone_pickaxe":1},"minecraft:picked_up":{"apotheosis:gem":2,"minecraft:dirt":31,"minecraft:wheat_seeds":3,"majruszsaccessories:lucky_rock":1,"vinery:apple_tree_sapling":1,"twigs:pebble":1,"minecraft:stone_pickaxe":1,"twigs:twig":2,"minecraft:coal":20,"vinery:apple_log":5,"minecraft:cobblestone":29},"minecraft:mined":{"twigs:pebble":1,"minecraft:grass":1,"minecraft:grass_block":11,"minecraft:coal_ore":20,"minecraft:dirt":19,"minecraft:tall_grass":1,"vinery:apple_leaves":2,"minecraft:stone":41,"vinery:apple_log":5},"minecraft:crafted":{"minecraft:oak_planks":20,"minecraft:stick":12},"minecraft:custom":{"minecraft:time_since_rest":18993,"enigmaticlegacy:play_time_with_seven_curses":0,"minecraft:sprint_one_cm":2436,"minecraft:damage_taken":280,"minecraft:walk_one_cm":31678,"minecraft:drop":2,"minecraft:damage_dealt":24,"enigmaticlegacy:play_time_without_seven_curses":23910,"minecraft:interact_with_crafting_table":4,"minecraft:fly_one_cm":3922,"minecraft:crouch_one_cm":52,"minecraft:play_time":23956,"minecraft:deaths":1,"minecraft:sneak_time":180,"minecraft:walk_under_water_one_cm":6711,"minecraft:jump":232,"minecraft:walk_on_water_one_cm":1735,"minecraft:time_since_death":18947,"minecraft:total_world_time":23956,"minecraft:fall_one_cm":5476}},"DataVersion":3120}