{"stats":{"minecraft:killed_by":{"minecraft:player":1},"minecraft:used":{"vinery:apple_tree_sapling":1},"minecraft:picked_up":{"twigs:twig":2,"vinery:apple_tree_sapling":1,"vinery:apple_log":5},"minecraft:mined":{"minecraft:tall_grass":1,"vinery:apple_leaves":2,"vinery:apple_log":5},"minecraft:custom":{"minecraft:jump":109,"minecraft:time_since_rest":6993,"enigmaticlegacy:play_time_with_seven_curses":0,"minecraft:damage_dealt":24,"minecraft:walk_on_water_one_cm":788,"minecraft:deaths":1,"minecraft:play_time":11956,"minecraft:damage_taken":280,"minecraft:time_since_death":6947,"minecraft:walk_one_cm":11445,"enigmaticlegacy:play_time_without_seven_curses":11910,"minecraft:total_world_time":11956,"minecraft:walk_under_water_one_cm":4114,"minecraft:fall_one_cm":2726,"minecraft:fly_one_cm":1598}},"DataVersion":3120}