{"stats":{"minecraft:killed_by":{"minecraft:player":1},"minecraft:killed":{"vinery:wandering_winemaker":1,"vinery:mule":1},"minecraft:used":{"farmersdelight:bacon_and_eggs":1,"minecraft:stone_pickaxe":38,"minecraft:oak_planks":9,"minecraft:chest":1,"minecraft:torch":3,"woodworks:crimson_chest":1,"minecraft:wooden_sword":12,"minecraft:crafting_table":1,"vinery:apple_tree_sapling":1},"minecraft:dropped":{"minecraft:cobblestone":25,"minecraft:stone_pickaxe":1,"immersive_armors:wooden_chestplate":1},"minecraft:picked_up":{"woodworks:crimson_chest":1,"ecologics:walnut":15,"apotheosis:gem":2,"patchouli:guide_book":3,"minecraft:lead":2,"minecraft:gold_block":1,"undead_unleashed:grave_metal_scrap":1,"alexsmobs:animal_dictionary":2,"minecraft:golden_chestplate":1,"minecraft:dirt":32,"farmersdelight:bacon_and_eggs":12,"majruszsaccessories:dream_catcher":1,"byg:biomepedia":1,"minecraft:rotten_flesh":2,"minecraft:gold_nugget":27,"minecraft:wheat_seeds":3,"majruszsaccessories:lucky_rock":1,"ars_nouveau:worn_notebook":1,"vinery:apple_tree_sapling":1,"twigs:pebble":1,"minecraft:stone_pickaxe":1,"minecraft:gold_ingot":3,"twigs:twig":2,"minecraft:chest":1,"minecraft:coal":20,"vinery:apple_log":5,"minecraft:cobblestone":29},"minecraft:mined":{"twigs:pebble":1,"minecraft:grass":1,"minecraft:grass_block":11,"minecraft:coal_ore":20,"minecraft:dirt":19,"minecraft:tall_grass":1,"vinery:apple_leaves":2,"minecraft:stone":41,"vinery:apple_log":5},"minecraft:crafted":{"minecraft:oak_planks":20,"minecraft:stick":12,"minecraft:torch":32},"minecraft:custom":{"minecraft:time_since_rest":7512,"enigmaticlegacy:play_time_with_seven_curses":0,"minecraft:sprint_one_cm":3402,"minecraft:damage_taken":320,"minecraft:walk_one_cm":48321,"minecraft:mob_kills":2,"minecraft:drop":4,"minecraft:damage_dealt":542,"enigmaticlegacy:play_time_without_seven_curses":35910,"minecraft:talked_to_villager":1,"minecraft:interact_with_crafting_table":5,"minecraft:fly_one_cm":5316,"minecraft:open_chest":3,"minecraft:crouch_one_cm":52,"minecraft:play_time":35956,"minecraft:deaths":1,"minecraft:sneak_time":180,"minecraft:walk_under_water_one_cm":6711,"minecraft:jump":301,"minecraft:walk_on_water_one_cm":1735,"minecraft:time_since_death":30947,"minecraft:sleep_in_bed":1,"minecraft:total_world_time":35956,"minecraft:fall_one_cm":7031}},"DataVersion":3120}