{"stats":{"minecraft:killed":{"vinery:wandering_winemaker":1,"iter_rpg:water_elemental":1,"savage_and_ravage:skeleton_villager":1,"minecraft:pig":1,"minecraft:zombified_piglin":1,"minecraft:vindicator":1,"minecraft:spider":1,"enemyexpansion:equestrian":2,"enemyexpansion:sprinter":1,"irons_spellbooks:necromancer":1,"enemyexpansion:direwolf":2,"minecraft:skeleton":3,"minecraft:pillager":4,"vinery:mule":2,"minecraft:zombie":4,"minecraft:stray":1,"enemyexpansion:goblin":1},"minecraft:killed_by":{"minecraft:vindicator":2},"minecraft:used":{"minecraft:crimson_stem":3,"minecraft:flint_and_steel":15,"minecraft:stone_pickaxe":9,"minecraft:chest":1,"minecraft:wooden_pickaxe":14,"minecraft:golden_apple":1,"minecraft:dirt":31,"minecraft:crafting_table":1,"minecraft:red_bed":3,"majruszsdifficulty:tattered_helmet":1,"minecraft:obsidian":10,"farmersdelight:bacon_and_eggs":7,"farmersdelight:ratatouille":14,"minecraft:string":1,"strictly_origins:damaged_skofnung":90,"minecraft:crimson_roots":10,"minecraft:crimson_planks":11,"woodworks:crimson_chest":1,"ecologics:walnut_planks":69,"minecraft:golden_sword":22,"minecraft:fire_charge":2,"minecraft:wooden_sword":41,"minecraft:cobblestone":11,"minecraft:bow":7,"supplementaries:ash":1,"minecraft:golden_axe":25,"minecraft:experience_bottle":2},"minecraft:dropped":{"minecraft:wheat_seeds":20,"minecraft:bowl":2,"minecraft:lead":1,"minecraft:carrot":1,"minecraft:dirt":3,"minecraft:gold_nugget":2,"minecraft:wooden_sword":1,"immersive_armors:wooden_helmet":1},"minecraft:picked_up":{"irons_spellbooks:scroll":2,"ecologics:walnut_planks":18,"minecraft:magma_block":1,"ecologics:walnut":13,"minecraft:prismarine_shard":3,"minecraft:crimson_stem":8,"irons_spellbooks:tarnished_helmet":1,"minecraft:lead":4,"minecraft:string":7,"minecraft:dirt":54,"minecraft:red_bed":4,"minecraft:wooden_sword":1,"minecraft:experience_bottle":2,"minecraft:bone":17,"minecraft:apple":32,"ecologics:walnut_sapling":10,"minecraft:bow":1,"irons_spellbooks:arcane_essence":6,"minecraft:candle":6,"minecraft:wheat_seeds":22,"minecraft:gold_nugget":5,"iter_rpg:water_fragment":3,"twigs:twig":5,"apotheosis:gem_dust":1,"minecraft:tipped_arrow":1,"irons_spellbooks:frozen_bone":2,"ecologics:walnut_log":15,"minecraft:dandelion":2,"minecraft:porkchop":3,"undead_unleashed:grave_metal_scrap":7,"minecraft:carrot":1,"minecraft:prismarine_crystals":1,"byg:lament_log":2,"minecraft:arrow":6,"minecraft:rotten_flesh":10,"minecraft:hay_block":1,"minecraft:obsidian":6,"minecraft:crimson_roots":10,"minecraft:cobblestone":14},"minecraft:broken":{"minecraft:golden_sword":1,"minecraft:golden_axe":1,"strictly_origins:damaged_skofnung":1},"minecraft:mined":{"minecraft:red_bed":5,"minecraft:candle":2,"minecraft:dandelion":2,"undead_unleashed:ancient_dirt":1,"undead_unleashed:grave_soil":3,"minecraft:grass_block":20,"ecologics:walnut_leaves":3,"minecraft:crimson_roots":11,"minecraft:crimson_stem":8,"minecraft:hay_block":1,"minecraft:magma_block":1,"minecraft:fire":20,"byg:lament_leaves":3,"minecraft:grass":56,"byg:lament_log":2,"minecraft:dirt":28,"minecraft:cobweb":7,"ecologics:walnut_log":15,"ecologics:walnut_planks":18,"minecraft:stone":14},"minecraft:crafted":{"minecraft:crimson_planks":20,"woodworks:crimson_chest":1,"minecraft:crafting_table":1,"minecraft:wooden_pickaxe":1,"ecologics:walnut_planks":60,"byg:lament_planks":8,"minecraft:stone_pickaxe":1,"minecraft:chest":1,"minecraft:wheat":9},"minecraft:custom":{"enigmaticlegacy:play_time_with_seven_curses":0,"lootr:looted_stat":8,"minecraft:mob_kills":29,"enigmaticlegacy:play_time_without_seven_curses":219241,"minecraft:interact_with_crafting_table":5,"minecraft:damage_dealt_resisted":0,"minecraft:leave_game":3,"minecraft:time_since_death":1911,"minecraft:sleep_in_bed":3,"minecraft:damage_resisted":0,"minecraft:time_since_rest":270,"minecraft:sprint_one_cm":249325,"minecraft:damage_absorbed":40,"minecraft:damage_taken":3766,"minecraft:walk_one_cm":209936,"minecraft:drop":16,"minecraft:damage_dealt":12296,"minecraft:swim_one_cm":21698,"minecraft:talked_to_villager":6,"minecraft:fly_one_cm":424161,"minecraft:open_chest":24,"minecraft:crouch_one_cm":10421,"minecraft:play_time":216665,"minecraft:deaths":3,"minecraft:sneak_time":3863,"minecraft:walk_under_water_one_cm":8344,"minecraft:jump":2670,"minecraft:walk_on_water_one_cm":3255,"minecraft:total_world_time":216665,"minecraft:fall_one_cm":97265}},"DataVersion":3120}