{"stats":{"minecraft:killed":{"minecraft:skeleton":1,"minecraft:zombie":3,"minecraft:pig":1,"minecraft:zombified_piglin":1,"enemyexpansion:goblin":1},"minecraft:used":{"minecraft:crimson_stem":3,"farmersdelight:ratatouille":6,"strictly_origins:damaged_skofnung":65,"minecraft:crimson_planks":6,"minecraft:wooden_sword":1,"ecologics:walnut_planks":65,"woodworks:crimson_chest":1,"minecraft:fire_charge":2,"minecraft:dirt":8,"minecraft:crafting_table":1,"minecraft:golden_axe":25,"minecraft:experience_bottle":2,"farmersdelight:bacon_and_eggs":1},"minecraft:dropped":{"minecraft:wheat_seeds":1,"minecraft:bowl":2,"minecraft:wooden_sword":1},"minecraft:picked_up":{"ecologics:walnut_planks":17,"ecologics:walnut":13,"minecraft:crimson_stem":7,"ecologics:walnut_log":15,"minecraft:dandelion":2,"minecraft:porkchop":3,"undead_unleashed:grave_metal_scrap":6,"minecraft:dirt":10,"minecraft:wooden_sword":1,"minecraft:bone":8,"minecraft:experience_bottle":2,"minecraft:rotten_flesh":8,"ecologics:walnut_sapling":10,"minecraft:wheat_seeds":3,"minecraft:gold_nugget":3,"minecraft:candle":4,"minecraft:hay_block":1,"twigs:twig":5},"minecraft:broken":{"minecraft:golden_axe":1},"minecraft:mined":{"minecraft:hay_block":1,"minecraft:candle":1,"minecraft:dandelion":2,"minecraft:grass":12,"minecraft:grass_block":9,"undead_unleashed:grave_soil":3,"ecologics:walnut_leaves":3,"minecraft:dirt":1,"ecologics:walnut_log":15,"ecologics:walnut_planks":17,"minecraft:crimson_stem":7},"minecraft:crafted":{"minecraft:crimson_planks":16,"woodworks:crimson_chest":1,"minecraft:crafting_table":1,"ecologics:walnut_planks":60},"minecraft:custom":{"minecraft:time_since_rest":49095,"enigmaticlegacy:play_time_with_seven_curses":0,"lootr:looted_stat":2,"minecraft:sprint_one_cm":65777,"minecraft:damage_taken":1184,"minecraft:walk_one_cm":51441,"minecraft:mob_kills":8,"minecraft:drop":3,"minecraft:damage_dealt":6011,"enigmaticlegacy:play_time_without_seven_curses":111311,"minecraft:interact_with_crafting_table":1,"minecraft:fly_one_cm":93479,"minecraft:open_chest":5,"minecraft:crouch_one_cm":3252,"minecraft:play_time":108665,"minecraft:deaths":1,"minecraft:sneak_time":1243,"minecraft:walk_under_water_one_cm":2348,"minecraft:jump":690,"minecraft:damage_dealt_resisted":0,"minecraft:leave_game":3,"minecraft:time_since_death":49062,"minecraft:walk_on_water_one_cm":552,"minecraft:total_world_time":108665,"minecraft:damage_resisted":0,"minecraft:fall_one_cm":25525}},"DataVersion":3120}