{"stats":{"minecraft:killed_by":{"minecraft:piglin_brute":2,"minecraft:pillager":1,"minecraft:vindicator":2,"minecraft:hoglin":2,"majruszsdifficulty:cursed_armor":5},"minecraft:killed":{"savage_and_ravage:skeleton_villager":1,"minecraft:zombified_piglin":1,"enemyexpansion:equestrian":2,"minecraft:spider":1,"minecraft:vindicator":1,"enemyexpansion:direwolf":2,"minecraft:skeleton":3,"vinery:mule":2,"enemyexpansion:goblin":1,"vinery:wandering_winemaker":1,"iter_rpg:water_elemental":1,"minecraft:pig":1,"enemyexpansion:sprinter":2,"majruszsdifficulty:cursed_armor":1,"irons_spellbooks:necromancer":1,"minecraft:pillager":9,"minecraft:zombie":4,"minecraft:stray":1},"minecraft:used":{"minecraft:flint_and_steel":15,"minecraft:chest":1,"minecraft:iron_sword":33,"minecraft:dirt":34,"byg:sythian_planks":24,"minecraft:obsidian":10,"minecraft:iron_axe":26,"minecraft:crimson_roots":10,"minecraft:crimson_planks":12,"ecologics:walnut_planks":69,"woodworks:crimson_chest":1,"minecraft:golden_sword":22,"immersive_armors:wooden_chestplate":1,"minecraft:bow":7,"supplementaries:ash":1,"minecraft:golden_axe":25,"immersive_armors:wooden_helmet":1,"minecraft:crimson_stem":3,"minecraft:stone_pickaxe":10,"farmersdelight:golden_knife":2,"minecraft:wooden_pickaxe":14,"minecraft:white_wool":11,"minecraft:golden_apple":2,"minecraft:crafting_table":1,"minecraft:red_bed":6,"majruszsdifficulty:tattered_helmet":1,"farmersdelight:bacon_and_eggs":12,"farmersdelight:ratatouille":15,"minecraft:string":1,"strictly_origins:damaged_skofnung":90,"immersive_armors:wooden_boots":1,"minecraft:fire_charge":2,"minecraft:wooden_sword":41,"minecraft:cobblestone":11,"immersive_armors:wooden_leggings":1,"minecraft:experience_bottle":2},"minecraft:dropped":{"minecraft:wheat_seeds":21,"minecraft:lead":1,"minecraft:dirt":3,"minecraft:wooden_sword":2,"minecraft:gold_nugget":2,"minecraft:stone_sword":1,"minecraft:bowl":5,"minecraft:carrot":1,"minecraft:spruce_planks":4,"minecraft:stone_pickaxe":1,"immersive_armors:wooden_helmet":1},"minecraft:picked_up":{"irons_spellbooks:scroll":2,"minecraft:prismarine_shard":3,"minecraft:leather_leggings":1,"irons_spellbooks:tarnished_helmet":1,"minecraft:lead":4,"minecraft:crimson_planks":1,"minecraft:red_bed":5,"minecraft:string":7,"minecraft:wooden_sword":1,"minecraft:experience_bottle":2,"ecologics:walnut_sapling":10,"irons_spellbooks:arcane_essence":6,"minecraft:gold_nugget":5,"minecraft:candle":6,"minecraft:tipped_arrow":1,"ecologics:walnut_log":15,"minecraft:bowl":2,"minecraft:porkchop":3,"minecraft:carrot":1,"minecraft:prismarine_crystals":1,"minecraft:stone_sword":1,"minecraft:arrow":12,"minecraft:rotten_flesh":10,"minecraft:hay_block":1,"minecraft:obsidian":6,"minecraft:cobblestone":14,"minecraft:white_wool":1,"ecologics:walnut_planks":18,"minecraft:magma_block":1,"ecologics:walnut":13,"minecraft:crimson_stem":8,"byg:lament_sapling":1,"minecraft:dirt":57,"minecraft:bone":17,"minecraft:apple":32,"minecraft:bow":1,"minecraft:wheat_seeds":23,"iter_rpg:water_fragment":3,"twigs:twig":5,"apotheosis:gem_dust":1,"irons_spellbooks:frozen_bone":2,"minecraft:dandelion":2,"undead_unleashed:grave_metal_scrap":7,"byg:sythian_stem":6,"byg:lament_log":2,"minecraft:purple_bed":1,"minecraft:emerald":2,"minecraft:crimson_roots":10},"minecraft:broken":{"immersive_armors:wooden_boots":1,"strictly_origins:damaged_skofnung":1,"minecraft:golden_sword":1,"minecraft:golden_axe":1},"minecraft:mined":{"minecraft:spruce_planks":8,"minecraft:candle":2,"minecraft:grass_block":21,"minecraft:crimson_roots":11,"minecraft:crimson_stem":8,"minecraft:hay_block":1,"minecraft:magma_block":1,"minecraft:fire":20,"byg:lament_leaves":14,"ecologics:walnut_log":15,"minecraft:stone":14,"minecraft:white_wool":1,"minecraft:spruce_slab":1,"minecraft:red_bed":6,"minecraft:dandelion":2,"undead_unleashed:ancient_dirt":1,"undead_unleashed:grave_soil":3,"ecologics:walnut_leaves":3,"minecraft:tall_grass":1,"minecraft:spruce_stairs":1,"byg:sythian_stem":6,"minecraft:purple_bed":1,"byg:sythian_wart_block":2,"minecraft:tnt":4,"minecraft:grass":70,"byg:lament_log":2,"minecraft:dirt":33,"minecraft:crimson_planks":1,"minecraft:cobweb":7,"ecologics:walnut_planks":18},"minecraft:crafted":{"woodworks:crimson_chest":1,"ecologics:walnut_planks":60,"byg:sythian_planks":24,"minecraft:stone_pickaxe":1,"minecraft:chest":1,"minecraft:wheat":9,"minecraft:crimson_planks":20,"minecraft:crafting_table":1,"minecraft:wooden_pickaxe":1,"byg:lament_planks":8},"minecraft:custom":{"enigmaticlegacy:play_time_with_seven_curses":0,"lootr:looted_stat":13,"minecraft:mob_kills":36,"minecraft:interact_with_crafting_table":5,"minecraft:damage_dealt_resisted":0,"minecraft:leave_game":3,"minecraft:time_since_death":4614,"minecraft:climb_one_cm":125,"minecraft:damage_resisted":0,"minecraft:sprint_one_cm":315782,"minecraft:walk_one_cm":258486,"minecraft:drop":24,"minecraft:talked_to_villager":6,"minecraft:deaths":14,"minecraft:play_time":264665,"minecraft:sneak_time":4948,"minecraft:walk_under_water_one_cm":8400,"minecraft:jump":3550,"minecraft:walk_on_water_one_cm":3761,"minecraft:total_world_time":264665,"enigmaticlegacy:play_time_without_seven_curses":264764,"minecraft:sleep_in_bed":5,"minecraft:time_since_rest":4935,"minecraft:damage_taken":9550,"minecraft:damage_absorbed":80,"minecraft:damage_dealt":15585,"minecraft:swim_one_cm":22248,"minecraft:fly_one_cm":581647,"minecraft:player_kills":4,"minecraft:open_chest":28,"minecraft:crouch_one_cm":13026,"minecraft:fall_one_cm":138250}},"DataVersion":3120}