{"stats":{"minecraft:killed":{"minecraft:skeleton":1,"vinery:wandering_winemaker":1,"vinery:mule":2,"minecraft:zombie":3,"minecraft:pig":1,"minecraft:zombified_piglin":1,"enemyexpansion:goblin":1},"minecraft:used":{"minecraft:crimson_stem":3,"farmersdelight:ratatouille":8,"strictly_origins:damaged_skofnung":73,"minecraft:crimson_planks":10,"minecraft:wooden_sword":1,"ecologics:walnut_planks":68,"woodworks:crimson_chest":1,"minecraft:fire_charge":2,"minecraft:dirt":9,"supplementaries:ash":1,"minecraft:crafting_table":1,"minecraft:golden_axe":25,"minecraft:experience_bottle":2,"farmersdelight:bacon_and_eggs":1},"minecraft:dropped":{"minecraft:wheat_seeds":2,"minecraft:bowl":2,"minecraft:wooden_sword":1},"minecraft:picked_up":{"ecologics:walnut_planks":17,"ecologics:walnut":13,"minecraft:crimson_stem":8,"ecologics:walnut_log":15,"minecraft:lead":1,"minecraft:dandelion":2,"minecraft:porkchop":3,"undead_unleashed:grave_metal_scrap":6,"minecraft:dirt":11,"minecraft:wooden_sword":1,"minecraft:bone":8,"minecraft:experience_bottle":2,"minecraft:rotten_flesh":8,"ecologics:walnut_sapling":10,"minecraft:wheat_seeds":4,"minecraft:gold_nugget":3,"minecraft:candle":4,"minecraft:hay_block":1,"twigs:twig":5},"minecraft:broken":{"minecraft:golden_axe":1},"minecraft:mined":{"minecraft:hay_block":1,"minecraft:candle":1,"minecraft:dandelion":2,"minecraft:grass":13,"minecraft:grass_block":9,"undead_unleashed:grave_soil":3,"ecologics:walnut_leaves":3,"minecraft:dirt":2,"ecologics:walnut_log":15,"ecologics:walnut_planks":17,"minecraft:crimson_stem":8},"minecraft:crafted":{"minecraft:crimson_planks":20,"woodworks:crimson_chest":1,"minecraft:crafting_table":1,"ecologics:walnut_planks":60},"minecraft:custom":{"minecraft:time_since_rest":61095,"enigmaticlegacy:play_time_with_seven_curses":0,"lootr:looted_stat":2,"minecraft:sprint_one_cm":95970,"minecraft:damage_taken":1366,"minecraft:walk_one_cm":60399,"minecraft:mob_kills":11,"minecraft:drop":4,"minecraft:damage_dealt":6676,"enigmaticlegacy:play_time_without_seven_curses":123311,"minecraft:talked_to_villager":1,"minecraft:interact_with_crafting_table":1,"minecraft:fly_one_cm":142312,"minecraft:open_chest":5,"minecraft:crouch_one_cm":3615,"minecraft:play_time":120665,"minecraft:deaths":1,"minecraft:sneak_time":1524,"minecraft:walk_under_water_one_cm":2348,"minecraft:jump":928,"minecraft:damage_dealt_resisted":0,"minecraft:leave_game":3,"minecraft:time_since_death":61062,"minecraft:walk_on_water_one_cm":552,"minecraft:total_world_time":120665,"minecraft:damage_resisted":0,"minecraft:fall_one_cm":34904}},"DataVersion":3120}