{"stats":{"minecraft:killed":{"vinery:wandering_winemaker":1,"minecraft:pig":1,"minecraft:zombified_piglin":1,"minecraft:skeleton":1,"vinery:mule":2,"minecraft:zombie":3,"enemyexpansion:goblin":1},"minecraft:used":{"minecraft:crimson_stem":3,"minecraft:flint_and_steel":1,"minecraft:wooden_pickaxe":14,"minecraft:dirt":11,"minecraft:crafting_table":1,"minecraft:obsidian":9,"farmersdelight:bacon_and_eggs":1,"farmersdelight:ratatouille":10,"strictly_origins:damaged_skofnung":73,"minecraft:crimson_roots":10,"minecraft:crimson_planks":10,"woodworks:crimson_chest":1,"ecologics:walnut_planks":68,"minecraft:fire_charge":2,"minecraft:wooden_sword":1,"minecraft:cobblestone":11,"supplementaries:ash":1,"minecraft:golden_axe":25,"minecraft:experience_bottle":2},"minecraft:dropped":{"minecraft:wheat_seeds":2,"minecraft:bowl":2,"minecraft:dirt":3,"minecraft:wooden_sword":1},"minecraft:picked_up":{"ecologics:walnut_planks":17,"ecologics:walnut":13,"minecraft:crimson_stem":8,"minecraft:lead":1,"minecraft:dirt":16,"minecraft:wooden_sword":1,"minecraft:experience_bottle":2,"minecraft:bone":8,"ecologics:walnut_sapling":10,"minecraft:candle":4,"minecraft:wheat_seeds":4,"minecraft:gold_nugget":3,"twigs:twig":5,"ecologics:walnut_log":15,"minecraft:dandelion":2,"minecraft:porkchop":3,"undead_unleashed:grave_metal_scrap":6,"byg:lament_log":2,"minecraft:rotten_flesh":8,"minecraft:hay_block":1,"minecraft:obsidian":6,"minecraft:crimson_roots":10,"minecraft:cobblestone":14},"minecraft:broken":{"minecraft:golden_axe":1},"minecraft:mined":{"minecraft:candle":1,"minecraft:dandelion":2,"undead_unleashed:grave_soil":3,"minecraft:grass_block":14,"ecologics:walnut_leaves":3,"minecraft:crimson_roots":11,"minecraft:crimson_stem":8,"minecraft:hay_block":1,"byg:lament_leaves":3,"minecraft:grass":16,"byg:lament_log":2,"minecraft:dirt":6,"ecologics:walnut_log":15,"ecologics:walnut_planks":17,"minecraft:stone":14},"minecraft:crafted":{"minecraft:crimson_planks":20,"woodworks:crimson_chest":1,"minecraft:crafting_table":1,"minecraft:wooden_pickaxe":1,"ecologics:walnut_planks":60,"byg:lament_planks":8,"minecraft:stone_pickaxe":1},"minecraft:custom":{"enigmaticlegacy:play_time_with_seven_curses":0,"lootr:looted_stat":2,"minecraft:mob_kills":11,"enigmaticlegacy:play_time_without_seven_curses":147311,"minecraft:interact_with_crafting_table":3,"minecraft:damage_dealt_resisted":0,"minecraft:leave_game":3,"minecraft:time_since_death":85062,"minecraft:damage_resisted":0,"minecraft:time_since_rest":85095,"minecraft:sprint_one_cm":128146,"minecraft:damage_taken":1548,"minecraft:walk_one_cm":99524,"minecraft:drop":5,"minecraft:damage_dealt":6676,"minecraft:swim_one_cm":9533,"minecraft:talked_to_villager":1,"minecraft:fly_one_cm":194808,"minecraft:open_chest":7,"minecraft:crouch_one_cm":7162,"minecraft:play_time":144665,"minecraft:deaths":1,"minecraft:sneak_time":2584,"minecraft:walk_under_water_one_cm":3269,"minecraft:jump":1269,"minecraft:walk_on_water_one_cm":765,"minecraft:total_world_time":144665,"minecraft:fall_one_cm":47898}},"DataVersion":3120}