{"stats":{"minecraft:picked_up":{"ecologics:walnut":1,"minecraft:dirt":6},"minecraft:used":{"minecraft:dirt":6},"minecraft:mined":{"minecraft:grass_block":6,"ecologics:walnut_leaves":1},"minecraft:custom":{"minecraft:jump":22,"minecraft:time_since_rest":4652,"enigmaticlegacy:play_time_with_seven_curses":0,"lootr:looted_stat":1,"minecraft:crouch_one_cm":708,"minecraft:sprint_one_cm":4874,"minecraft:play_time":4652,"minecraft:damage_taken":40,"minecraft:time_since_death":4652,"minecraft:walk_one_cm":5339,"minecraft:sneak_time":179,"enigmaticlegacy:play_time_without_seven_curses":4652,"minecraft:total_world_time":4652,"minecraft:fall_one_cm":693,"minecraft:fly_one_cm":928}},"DataVersion":3120}