{"stats":{"minecraft:killed":{"minecraft:skeleton":1,"vinery:wandering_winemaker":1,"vinery:mule":2,"minecraft:zombie":3,"minecraft:pig":1,"minecraft:zombified_piglin":1,"enemyexpansion:goblin":1},"minecraft:used":{"minecraft:crimson_stem":3,"farmersdelight:ratatouille":9,"strictly_origins:damaged_skofnung":73,"minecraft:wooden_pickaxe":14,"minecraft:crimson_planks":10,"minecraft:wooden_sword":1,"ecologics:walnut_planks":68,"woodworks:crimson_chest":1,"minecraft:fire_charge":2,"minecraft:dirt":10,"minecraft:cobblestone":1,"supplementaries:ash":1,"minecraft:crafting_table":1,"minecraft:golden_axe":25,"minecraft:experience_bottle":2,"farmersdelight:bacon_and_eggs":1},"minecraft:dropped":{"minecraft:dirt":3,"minecraft:wheat_seeds":2,"minecraft:bowl":2,"minecraft:wooden_sword":1},"minecraft:picked_up":{"ecologics:walnut_planks":17,"ecologics:walnut":13,"minecraft:crimson_stem":8,"ecologics:walnut_log":15,"minecraft:lead":1,"minecraft:dandelion":2,"minecraft:porkchop":3,"undead_unleashed:grave_metal_scrap":6,"minecraft:dirt":15,"minecraft:wooden_sword":1,"minecraft:bone":8,"minecraft:experience_bottle":2,"minecraft:rotten_flesh":8,"ecologics:walnut_sapling":10,"minecraft:wheat_seeds":4,"minecraft:gold_nugget":3,"minecraft:candle":4,"minecraft:hay_block":1,"twigs:twig":5,"minecraft:cobblestone":14},"minecraft:broken":{"minecraft:golden_axe":1},"minecraft:mined":{"minecraft:hay_block":1,"minecraft:candle":1,"minecraft:dandelion":2,"minecraft:grass":15,"minecraft:grass_block":13,"undead_unleashed:grave_soil":3,"ecologics:walnut_leaves":3,"minecraft:dirt":5,"ecologics:walnut_log":15,"ecologics:walnut_planks":17,"minecraft:stone":14,"minecraft:crimson_stem":8},"minecraft:crafted":{"minecraft:crimson_planks":20,"woodworks:crimson_chest":1,"minecraft:crafting_table":1,"minecraft:wooden_pickaxe":1,"ecologics:walnut_planks":60},"minecraft:custom":{"minecraft:time_since_rest":73095,"enigmaticlegacy:play_time_with_seven_curses":0,"lootr:looted_stat":2,"minecraft:sprint_one_cm":109522,"minecraft:damage_taken":1438,"minecraft:walk_one_cm":65632,"minecraft:mob_kills":11,"minecraft:drop":5,"minecraft:damage_dealt":6676,"enigmaticlegacy:play_time_without_seven_curses":135311,"minecraft:talked_to_villager":1,"minecraft:interact_with_crafting_table":2,"minecraft:fly_one_cm":166606,"minecraft:open_chest":6,"minecraft:crouch_one_cm":4759,"minecraft:play_time":132665,"minecraft:deaths":1,"minecraft:sneak_time":2019,"minecraft:walk_under_water_one_cm":2983,"minecraft:jump":1052,"minecraft:damage_dealt_resisted":0,"minecraft:leave_game":3,"minecraft:time_since_death":73062,"minecraft:walk_on_water_one_cm":627,"minecraft:total_world_time":132665,"minecraft:damage_resisted":0,"minecraft:fall_one_cm":40290}},"DataVersion":3120}