{"stats":{"minecraft:used":{"minecraft:dirt":5,"minecraft:flint_and_steel":1},"minecraft:picked_up":{"minecraft:gold_nugget":1,"minecraft:dirt":5},"minecraft:dropped":{"minecraft:gold_nugget":1,"minecraft:obsidian":6},"minecraft:mined":{"minecraft:dirt":1},"minecraft:custom":{"minecraft:time_since_rest":17594,"enigmaticlegacy:play_time_with_seven_curses":0,"minecraft:sprint_one_cm":560,"lootr:looted_stat":1,"minecraft:play_time":52542,"minecraft:walk_one_cm":13978,"minecraft:damage_taken":977,"minecraft:deaths":2,"minecraft:walk_under_water_one_cm":12182,"minecraft:drop":2,"minecraft:jump":69,"minecraft:leave_game":2,"minecraft:time_since_death":17496,"minecraft:walk_on_water_one_cm":7237,"enigmaticlegacy:play_time_without_seven_curses":52445,"minecraft:total_world_time":52542,"minecraft:swim_one_cm":7680,"minecraft:fall_one_cm":1016,"minecraft:fly_one_cm":1236}},"DataVersion":3120}