{"stats":{"minecraft:picked_up":{"minecraft:dirt":5},"minecraft:dropped":{"minecraft:obsidian":6},"minecraft:mined":{"minecraft:dirt":1},"minecraft:custom":{"minecraft:jump":40,"minecraft:time_since_rest":8006,"enigmaticlegacy:play_time_with_seven_curses":0,"lootr:looted_stat":1,"minecraft:deaths":2,"minecraft:leave_game":1,"minecraft:play_time":42954,"minecraft:damage_taken":977,"minecraft:time_since_death":7908,"minecraft:walk_one_cm":7891,"enigmaticlegacy:play_time_without_seven_curses":42857,"minecraft:total_world_time":42954,"minecraft:drop":1,"minecraft:fall_one_cm":747,"minecraft:fly_one_cm":52}},"DataVersion":3120}