{"stats":{"minecraft:used":{"minecraft:dirt":5,"minecraft:flint_and_steel":1},"minecraft:picked_up":{"minecraft:gold_nugget":1,"minecraft:dirt":5},"minecraft:dropped":{"minecraft:gold_nugget":1,"minecraft:obsidian":6},"minecraft:mined":{"minecraft:dirt":1},"minecraft:custom":{"minecraft:time_since_rest":29600,"enigmaticlegacy:play_time_with_seven_curses":0,"minecraft:play_time":64548,"lootr:looted_stat":1,"minecraft:sprint_one_cm":560,"minecraft:deaths":2,"minecraft:damage_taken":1016,"minecraft:walk_one_cm":24101,"minecraft:walk_under_water_one_cm":24034,"minecraft:drop":2,"minecraft:jump":114,"minecraft:leave_game":3,"minecraft:walk_on_water_one_cm":8250,"minecraft:time_since_death":29502,"enigmaticlegacy:play_time_without_seven_curses":64451,"minecraft:total_world_time":64548,"minecraft:swim_one_cm":7680,"minecraft:fall_one_cm":1494,"minecraft:fly_one_cm":1731}},"DataVersion":3120}