{"stats":{"minecraft:killed":{"minecraft:stray":1},"minecraft:killed_by":{"minecraft:skeleton":1,"minecraft:stray":2},"minecraft:used":{"minecraft:dirt":5,"minecraft:flint_and_steel":1,"alexsmobs:animal_dictionary":1,"minecraft:golden_axe":1},"minecraft:picked_up":{"minecraft:arrow":4,"irons_spellbooks:frozen_bone":5,"minecraft:gold_nugget":1,"minecraft:dirt":5},"minecraft:dropped":{"minecraft:gold_nugget":1,"minecraft:obsidian":6},"minecraft:mined":{"minecraft:dirt":1},"minecraft:custom":{"minecraft:time_since_rest":2024,"minecraft:open_chest":8,"enigmaticlegacy:play_time_with_seven_curses":0,"minecraft:play_time":85039,"lootr:looted_stat":1,"minecraft:sprint_one_cm":7032,"minecraft:damage_taken":6620,"minecraft:deaths":13,"minecraft:walk_one_cm":44652,"minecraft:sneak_time":13,"minecraft:walk_under_water_one_cm":41633,"minecraft:mob_kills":1,"minecraft:drop":2,"minecraft:jump":247,"minecraft:damage_dealt":157,"minecraft:leave_game":4,"minecraft:walk_on_water_one_cm":10310,"minecraft:time_since_death":1975,"enigmaticlegacy:play_time_without_seven_curses":84065,"minecraft:total_world_time":85039,"minecraft:damage_resisted":0,"minecraft:interact_with_crafting_table":2,"minecraft:swim_one_cm":7680,"minecraft:talked_to_villager":2,"minecraft:fall_one_cm":4815,"minecraft:fly_one_cm":6090}},"DataVersion":3120}