{"stats":{"minecraft:killed":{"minecraft:pig":1,"minecraft:stray":1},"minecraft:killed_by":{"minecraft:vindicator":3,"minecraft:skeleton":1,"minecraft:stray":2,"minecraft:player":1},"minecraft:used":{"minecraft:dirt":5,"minecraft:flint_and_steel":1,"alexsmobs:animal_dictionary":1,"minecraft:golden_axe":4},"minecraft:picked_up":{"minecraft:arrow":5,"irons_spellbooks:frozen_bone":5,"minecraft:gold_nugget":1,"minecraft:porkchop":2,"minecraft:dirt":5,"minecraft:red_bed":1},"minecraft:dropped":{"minecraft:gold_nugget":1,"minecraft:obsidian":6},"minecraft:mined":{"minecraft:dirt":1},"minecraft:custom":{"minecraft:time_since_rest":659,"minecraft:open_chest":11,"enigmaticlegacy:play_time_with_seven_curses":0,"minecraft:play_time":98162,"lootr:looted_stat":2,"minecraft:sprint_one_cm":11513,"minecraft:damage_taken":7710,"minecraft:deaths":17,"minecraft:walk_one_cm":69952,"minecraft:sneak_time":13,"minecraft:walk_under_water_one_cm":41633,"minecraft:mob_kills":2,"minecraft:drop":2,"minecraft:aviate_one_cm":72077,"minecraft:jump":617,"minecraft:damage_dealt":617,"minecraft:leave_game":5,"minecraft:walk_on_water_one_cm":10310,"minecraft:time_since_death":0,"enigmaticlegacy:play_time_without_seven_curses":96189,"minecraft:total_world_time":98162,"minecraft:damage_resisted":0,"minecraft:interact_with_crafting_table":2,"minecraft:swim_one_cm":7680,"minecraft:talked_to_villager":2,"minecraft:fall_one_cm":14506,"minecraft:fly_one_cm":21418}},"DataVersion":3120}