{"stats":{"minecraft:killed":{"minecraft:stray":1},"minecraft:killed_by":{"minecraft:skeleton":1,"minecraft:stray":2},"minecraft:used":{"minecraft:dirt":5,"minecraft:flint_and_steel":1,"alexsmobs:animal_dictionary":1,"minecraft:golden_axe":1},"minecraft:dropped":{"minecraft:gold_nugget":1,"minecraft:obsidian":6},"minecraft:picked_up":{"minecraft:arrow":1,"irons_spellbooks:frozen_bone":5,"minecraft:gold_nugget":1,"minecraft:dirt":5},"minecraft:mined":{"minecraft:dirt":1},"minecraft:custom":{"minecraft:open_chest":4,"minecraft:time_since_rest":533,"enigmaticlegacy:play_time_with_seven_curses":0,"minecraft:play_time":73770,"lootr:looted_stat":1,"minecraft:sprint_one_cm":3482,"minecraft:deaths":7,"minecraft:damage_taken":3558,"minecraft:walk_one_cm":35091,"minecraft:sneak_time":13,"minecraft:walk_under_water_one_cm":41633,"minecraft:mob_kills":1,"minecraft:drop":2,"minecraft:jump":195,"minecraft:damage_dealt":157,"minecraft:leave_game":3,"minecraft:walk_on_water_one_cm":10310,"minecraft:time_since_death":466,"enigmaticlegacy:play_time_without_seven_curses":72988,"minecraft:total_world_time":73770,"minecraft:damage_resisted":0,"minecraft:swim_one_cm":7680,"minecraft:talked_to_villager":2,"minecraft:fall_one_cm":2651,"minecraft:fly_one_cm":4155}},"DataVersion":3120}