{"stats":{"minecraft:killed_by":{"minecraft:player":1},"minecraft:picked_up":{"minecraft:stone_pickaxe":1,"minecraft:bowl":1,"minecraft:dirt":3},"minecraft:mined":{"minecraft:grass":2},"minecraft:custom":{"minecraft:jump":98,"minecraft:time_since_rest":2556,"enigmaticlegacy:play_time_with_seven_curses":0,"minecraft:damage_taken":296,"minecraft:leave_game":1,"minecraft:play_time":13538,"minecraft:walk_one_cm":7791,"minecraft:time_since_death":0,"minecraft:deaths":1,"enigmaticlegacy:play_time_without_seven_curses":10982,"minecraft:total_world_time":13538,"minecraft:fall_one_cm":2952,"minecraft:fly_one_cm":1153}},"DataVersion":3120}