{"stats":{"minecraft:killed_by":{"minecraft:player":2},"minecraft:picked_up":{"minecraft:stone_pickaxe":1,"minecraft:bowl":1,"minecraft:dirt":3},"minecraft:mined":{"minecraft:grass":2},"minecraft:custom":{"minecraft:jump":201,"minecraft:sprint_one_cm":927,"minecraft:time_since_rest":1137,"enigmaticlegacy:play_time_with_seven_curses":0,"minecraft:walk_on_water_one_cm":117,"minecraft:damage_taken":606,"minecraft:leave_game":2,"minecraft:play_time":21610,"minecraft:walk_one_cm":12436,"minecraft:time_since_death":0,"minecraft:deaths":2,"enigmaticlegacy:play_time_without_seven_curses":16805,"minecraft:total_world_time":21610,"minecraft:walk_under_water_one_cm":278,"minecraft:fall_one_cm":4799,"minecraft:fly_one_cm":3324,"minecraft:aviate_one_cm":1747}},"DataVersion":3120}